{"AA": 0.738134275468864, "AS": 0.7130657268244743, "B6": 0.7594658415438482, "DL": 0.8308451798304631, "F9": 0.7862139669521168, "G4": 0.7007891275756247, "HA": 0.6633312486971024, "NK": 0.7827028587929541, "UA": 0.7668876528193763, "VX": 0.7366798767062968, "WN": 0.746799148645221}