{"AA": -6.956930443459528, "AS": -6.906450683701307, "B6": -9.157940450017643, "DL": -11.928509272740394, "F9": -10.723676275479436, "G4": -5.364533099517756, "HA": -2.1435619484399973, "NK": -8.768192318798729, "UA": -8.533659924906374, "VX": -8.160722148833113, "WN": -6.3829718016299255}