{"ABE": -8.705146036161334, "ABI": -4.151815181518152, "ABQ": -6.9027929901423875, "ABR": -16.675925925925927, "ABY": -6.102189781021898, "ACT": -5.606217616580311, "ACV": -9.775229357798166, "ACY": -7.591085271317829, "ADK": -17.416666666666668, "ADQ": -7.317647058823529, "AEX": -7.666666666666667, "AGS": -6.991228070175438, "ALB": -6.895494658615885, "ALO": -5.826530612244898, "ALW": -0.45454545454545453, "AMA": -4.81718963165075, "ANC": -12.02303578774167, "APN": -14.575342465753424, "ART": -5.835051546391752, "ASE": -7.015334947538338, "ATL": -9.616498170090951, "ATW": -11.95150115473441, "ATY": -13.166666666666666, "AUS": -8.367122029617725, "AVL": -5.022413793103448, "AVP": -8.405298013245034, "AZA": -2.8067444876783396, "AZO": -10.345309381237525, "BDL": -7.041478129713424, "BET": -9.975206611570249, "BFF": -10.301587301587302, "BFL": -8.770967741935484, "BFM": -8.666666666666666, "BGM": -19.17948717948718, "BGR": -7.608863198458574, "BHM": -6.484069097888676, "BIL": -11.145363408521304, "BIS": -11.189349112426035, "BJI": -16.009090909090908, "BLI": -6.47713717693837, "BLV": -5.602941176470588, "BMI": -6.656019656019656, "BNA": -7.955647888684897, "BOI": -7.883670125614418, "BOS": -8.43677281914022, "BPT": -5.401515151515151, "BQK": -9.382978723404255, "BQN": -4.299663299663299, "BRD": -18.620689655172413, "BRO": -5.277602523659306, "BRW": -8.159574468085106, "BTM": -19.62727272727273, "BTR": -8.14456630109671, "BTV": -7.176070700203943, "BUF": -8.511901347863493, "BUR": -5.107892107892108, "BWI": -7.02606131266717, "BZN": -10.383164005805515, "CAE": -6.959264126149803, "CAK": -6.531531531531532, "CDC": -4.489130434782608, "CDV": -4.097560975609756, "CGI": -10.965116279069768, "CHA": -6.778681855166802, "CHO": -7.479400749063671, "CHS": -8.00093370681606, "CID": -9.984793627805939, "CIU": -17.876404494382022, "CKB": -8.663636363636364, "CLE": -8.702178812922615, "CLL": -7.098305084745762, "CLT": -7.979829672792469, "CMH": -7.817887931034483, "CMI": -4.949404761904762, "CMX": -4.715909090909091, "CNY": -17.12, "COD": -8.871559633027523, "COS": -8.707299787384834, "COU": -5.855072463768116, "CPR": -12.379084967320262, "CRP": -7.481927710843373, "CRW": -6.576138147566719, "CSG": -8.30327868852459, "CVG": -9.512374261536005, "CWA": -10.282407407407407, "CYS": -14.666666666666666, "DAB": -4.609544468546638, "DAL": -6.358417989939836, "DAY": -8.557255447380621, "DBQ": -4.671532846715328, "DCA": -8.407214495484014, "DEN": -10.017982410218826, "DFW": -7.35098754560322, "DHN": -5.877005347593583, "DIK": -9.974683544303797, "DLH": -14.793193717277488, "DRO": -6.915094339622642, "DRT": -12.453488372093023, "DSM": -9.497952497952499, "DTW": -11.962299520933138, "DUT": 13.813725490196079, "DVL": -6.352941176470588, "EAR": -12.842105263157896, "EAT": 0.9038461538461539, "EAU": -12.451612903225806, "ECP": -7.181259600614439, "EGE": -5.782666666666667, "EKO": -11.766990291262136, "ELM": -13.701086956521738, "ELP": -5.831486434849063, "ERI": -10.864516129032259, "ESC": -14.960526315789474, "EUG": -7.23862660944206, "EVV": -8.79502196193265, "EWN": -3.1863905325443787, "EWR": -7.613546655439188, "EYW": -5.126016260162602, "FAI": -9.931649331352155, "FAR": -9.48612538540596, "FAT": -8.01778304682869, "FAY": -4.676716917922948, "FCA": -11.424496644295303, "FLG": -8.285067873303168, "FLL": -6.374385917030568, "FLO": -5.386503067484663, "FNT": -5.44215530903328, "FSD": -9.063563115487915, "FSM": -6.93006993006993, "FWA": -10.293939393939393, "GCC": -9.491666666666667, "GCK": -7.548076923076923, "GEG": -7.061015831134565, "GFK": -15.847457627118644, "GGG": -4.066115702479339, "GJT": -8.693997071742313, "GNV": -5.24294670846395, "GPT": -6.397328881469115, "GRB": -10.932655654383735, "GRI": -7.205479452054795, "GRK": -5.454756380510441, "GRR": -8.47408695652174, "GSO": -7.583666222814026, "GSP": -7.104020979020979, "GTF": -14.073394495412844, "GTR": -9.103174603174603, "GUC": -7.3686868686868685, "GUM": -7.126436781609195, "HDN": -7.31175468483816, "HGR": -0.68, "HHH": -6.022988505747127, "HIB": -25.29591836734694, "HLN": -15.473684210526315, "HNL": -7.080089380218746, "HOB": -7.478260869565218, "HOU": -7.010225713929418, "HPN": -7.739545121056493, "HRL": -8.757751937984496, "HSV": -7.5134305448963925, "HTS": -8.292079207920793, "HVN": -6.222222222222222, "HYS": -7.929032258064516, "IAD": -8.094839829572352, "IAG": -10.141592920353983, "IAH": -9.49888272461088, "ICT": -7.804455445544554, "IDA": -10.289002557544757, "IFP": -6.642857142857143, "ILM": -7.010018214936248, "IMT": -20.846938775510203, "IND": -8.565980278422273, "INL": -19.552083333333332, "IPT": -10.511904761904763, "ISN": -14.592964824120603, "ISP": -6.0493421052631575, "ITH": -12.01699716713881, "ITO": -1.8799231508165226, "JAC": -9.726829268292683, "JAN": -5.6264732547597465, "JAX": -7.076785314528767, "JFK": -9.028588445503276, "JHM": -3.25974025974026, "JLN": -4.815789473684211, "JMS": -10.699248120300751, "JNU": -5.968, "KOA": -7.893565358154594, "KTN": -4.519434628975265, "LAN": -9.785330948121645, "LAR": -9.222222222222221, "LAS": -8.479310650363281, "LAW": -5.594936708860759, "LAX": -8.286288170351433, "LBB": -6.25635593220339, "LBE": -8.594594594594595, "LBF": -11.095238095238095, "LBL": -8.682539682539682, "LCH": -6.264150943396227, "LCK": -2.816326530612245, "LEX": -8.490777338603426, "LFT": -7.602543720190779, "LGA": -9.34459218503235, "LGB": -6.784568703944517, "LIH": -7.495040965933592, "LIT": -6.517223382045929, "LNK": -12.99780701754386, "LNY": -4.280788177339901, "LRD": -7.464831804281346, "LSE": -11.619377162629759, "LWB": -9.951612903225806, "LWS": -17.023121387283236, "LYH": -5.508591065292096, "MAF": -5.732463295269168, "MBS": -12.061068702290076, "MCI": -8.786696941365033, "MCO": -7.029241459177765, "MDT": -7.83202846975089, "MDW": -5.997938144329897, "MEI": -6.9818181818181815, "MEM": -8.040193842645381, "MFE": -6.0866477272727275, "MFR": -6.453556485355649, "MGM": -7.242481203007519, "MHK": -5.955102040816326, "MHT": -6.670157068062827, "MIA": -6.816006140106056, "MKE": -9.161926994906622, "MKG": -7.269662921348314, "MKK": -1.228813559322034, "MLB": -4.342569269521411, "MLI": -9.751146788990825, "MLU": -8.474619289340101, "MMH": -4.866141732283465, "MOB": -4.896149358226371, "MOT": -13.764556962025317, "MQT": -8.20979020979021, "MRY": -8.72744014732965, "MSN": -9.967951927891837, "MSO": -9.255784061696659, "MSP": -13.198296282798834, "MSY": -7.398299708158863, "MTJ": -6.5880452342487885, "MYR": -5.725409836065574, "OAJ": -3.8, "OAK": -7.1293897716651085, "OGD": -0.3157894736842105, "OGG": -7.604821555187899, "OGS": -10.895833333333334, "OKC": -6.708986731001207, "OMA": -9.795590636908003, "OME": -10.637254901960784, "ONT": -5.716462404769791, "ORD": -9.09823017315603, "ORF": -6.593788063337393, "ORH": -9.445, "OTH": -8.9375, "OTZ": -7.463636363636364, "OWB": -0.06666666666666667, "PAE": -3.0761904761904764, "PAH": -5.54054054054054, "PBG": -6.698979591836735, "PBI": -8.4031648559282, "PDX": -8.60120125061708, "PGD": -4.548661800486618, "PGV": -3.7577319587628866, "PHF": -7.224652087475149, "PHL": -8.95114518824339, "PHX": -7.2378958793658175, "PIA": -8.704011065006915, "PIB": -5.626865671641791, "PIE": -7.0380090497737555, "PIH": -9.726708074534162, "PIR": -21.0, "PIT": -7.895132811300476, "PLN": -19.666666666666668, "PNS": -5.719512195121951, "PPG": -4.75, "PQI": -6.886792452830188, "PRC": -12.0, "PSC": -8.4920814479638, "PSE": -4.110091743119266, "PSG": -3.4895833333333335, "PSM": -9.714285714285714, "PSP": -7.366535819430815, "PUB": -10.168, "PUW": -1.0869565217391304, "PVD": -7.064582476347182, "PVU": -4.1521739130434785, "PWM": -7.54652605459057, "RAP": -10.661367249602543, "RDD": -8.030674846625766, "RDM": -6.338935574229692, "RDU": -8.334738521134785, "RFD": -8.57943925233645, "RHI": -20.160377358490567, "RIC": -7.565312244341423, "RKS": -8.53211009174312, "RNO": -7.489375, "ROA": -8.035637149028078, "ROC": -8.117622781675609, "ROP": -3.0, "ROW": -6.505208333333333,