{"AA": 6.758333032722901e-08, "AS": 3.0230349006383993e-07, "B6": 3.790024925393323e-07, "DL": 7.514389562564466e-08, "F9": 5.154185194490982e-07, "G4": 7.750533796718525e-07, "HA": 1.503534417132214e-06, "NK": 3.57893983726472e-07, "UA": 8.775066017441495e-08, "WN": 7.15622705580902e-08, "VX": 4.1352464392681876e-07}