{"ABE": 10.572033898305085, "ABI": 10.120274914089347, "ABQ": 8.290501319261214, "ABR": 7.696078431372549, "ABY": 7.731884057971015, "ACT": 10.44041450777202, "ACV": 10.598173515981735, "ACY": 10.777573529411764, "ADK": 4.75, "ADQ": 3.869565217391304, "AEX": 10.48206278026906, "AGS": 12.575182481751824, "ALB": 8.535048802129548, "ALO": 14.693877551020408, "ALW": 7.34375, "AMA": 8.0, "ANC": 6.347185493010956, "APN": 7.3544303797468356, "ART": 7.637362637362638, "ASE": 11.395209580838323, "ATL": 6.135300668151448, "ATW": 10.815758980301275, "ATY": 13.818181818181818, "AUS": 8.287200716043857, "AVL": 11.720067453625632, "AVP": 11.884, "AZA": 6.26056338028169, "AZO": 11.795761078998073, "BDL": 8.402679658952497, "BET": 4.252427184466019, "BFF": 9.26086956521739, "BFL": 8.801261829652997, "BFM": 11.2, "BGM": 9.193277310924369, "BGR": 8.627722772277227, "BHM": 9.740384615384615, "BIL": 9.207361963190184, "BIS": 8.449929478138223, "BJI": 5.754716981132075, "BLI": 8.354898336414047, "BLV": 6.285714285714286, "BMI": 11.183879093198993, "BNA": 8.091039907904834, "BOI": 8.40928270042194, "BOS": 8.39312012309045, "BPT": 12.534351145038167, "BQK": 7.7172413793103445, "BQN": 9.363636363636363, "BRD": 5.611111111111111, "BRO": 8.880733944954128, "BRW": 3.8095238095238093, "BTM": 5.254545454545455, "BTR": 10.6806640625, "BTV": 9.73036093418259, "BUF": 9.109634551495017, "BUR": 6.366908272931767, "BWI": 6.756611813106083, "BZN": 9.388453314326444, "CAE": 11.089356110381077, "CAK": 10.79472693032015, "CDC": 5.852631578947369, "CDV": 5.181818181818182, "CGI": 12.61111111111111, "CHA": 11.312941176470588, "CHO": 9.564224548049477, "CHS": 8.742709599027947, "CID": 12.24434719183078, "CIU": 6.476744186046512, "CKB": 10.589285714285714, "CLE": 8.950248756218905, "CLL": 12.219594594594595, "CLT": 6.238753734528382, "CMH": 8.970610399397136, "CMI": 15.071005917159763, "CMX": 13.090909090909092, "CNY": 18.392156862745097, "COD": 8.12962962962963, "COS": 11.190444591904447, "COU": 11.445070422535212, "CPR": 8.575471698113208, "CRP": 7.989703989703989, "CRW": 10.64576802507837, "CSG": 9.106870229007633, "CVG": 8.910145836600282, "CWA": 12.083916083916083, "CYS": 11.405405405405405, "DAB": 9.762208067940552, "DAL": 5.649346640600885, "DAY": 10.039873130946987, "DBQ": 14.921985815602836, "DCA": 7.5494578446558975, "DEN": 6.532618863083625, "DFW": 6.636431169629592, "DHN": 9.846153846153847, "DIK": 9.487804878048781, "DLH": 10.362694300518134, "DRO": 10.284403669724771, "DRT": 9.013157894736842, "DSM": 11.137214983713354, "DTW": 7.171503400498458, "DUT": 4.044943820224719, "DVL": 6.216216216216216, "EAR": 10.571428571428571, "EAT": 8.953947368421053, "EAU": 13.831683168316832, "ECP": 9.387142857142857, "EGE": 11.157434402332362, "EKO": 4.718446601941747, "ELM": 7.539893617021277, "ELP": 8.65921582997435, "ERI": 11.403125, "ESC": 8.36, "EUG": 9.567703952901597, "EVV": 12.331926863572432, "EWN": 9.935384615384615, "EWR": 7.61116303219107, "EYW": 10.16593886462882, "FAI": 6.494100294985251, "FAR": 9.432369942196532, "FAT": 10.521486643437862, "FAY": 10.423011844331642, "FCA": 9.282539682539683, "FLG": 7.890410958904109, "FLL": 7.869096189751746, "FLO": 13.050314465408805, "FNT": 10.031847133757962, "FSD": 10.887387387387387, "FSM": 12.020408163265307, "FWA": 10.515355086372361, "GCC": 11.571428571428571, "GCK": 8.673469387755102, "GEG": 7.948313898518752, "GFK": 7.043918918918919, "GGG": 13.825, "GJT": 9.553997194950911, "GNV": 11.130298273155416, "GPT": 11.400641025641026, "GRB": 11.760598503740649, "GRI": 9.167883211678832, "GRK": 9.214117647058824, "GRR": 10.027988942639945, "GSO": 9.362966175195144, "GSP": 10.513047138047138, "GTF": 8.712121212121213, "GTR": 10.648854961832061, "GUC": 11.091370558375635, "GUM": 4.415300546448087, "HDN": 9.905357142857143, "HGR": 5.3125, "HHH": 11.0, "HIB": 5.595744680851064, "HLN": 7.371104815864022, "HNL": 7.069704182250935, "HOB": 8.689655172413794, "HOU": 5.809350649350649, "HPN": 9.323508771929825, "HRL": 7.507220216606498, "HSV": 10.757847533632287, "HTS": 15.438775510204081, "HVN": 7.017094017094017, "HYS": 8.426573426573427, "IAD": 7.232671324279771, "IAG": 7.20952380952381, "IAH": 7.177715811797974, "ICT": 9.812425328554362, "IDA": 9.4, "IFP": 13.071428571428571, "ILM": 9.168299198575244, "IMT": 6.515463917525773, "IND": 8.988844959051116, "INL": 6.637362637362638, "IPT": 8.529411764705882, "ISN": 8.74468085106383, "ISP": 7.0236869207003085, "ITH": 8.492711370262391, "ITO": 7.237585199610516, "JAC": 10.686351706036746, "JAN": 11.49187725631769, "JAX": 8.902545138133565, "JFK": 8.213144850376354, "JHM": 4.77027027027027, "JLN": 13.132743362831858, "JMS": 7.505263157894737, "JNU": 6.9921259842519685, "KOA": 8.04836131095124, "KTN": 7.359848484848484, "LAN": 10.994525547445255, "LAR": 9.044943820224718, "LAS": 7.547092080466319, "LAW": 10.920245398773005, "LAX": 7.318070041550072, "LBB": 8.581818181818182, "LBE": 10.121019108280255, "LBF": 9.253521126760564, "LBL": 6.477611940298507, "LCH": 10.386617100371748, "LCK": 7.5625, "LEX": 10.99809885931559, "LFT": 9.97360248447205, "LGA": 7.997492225900291, "LGB": 6.778011794439764, "LIH": 7.814177852348993, "LIT": 10.826680141485598, "LNK": 11.594202898550725, "LNY": 6.615, "LRD": 8.98125, "LSE": 11.250871080139373, "LWB": 12.698412698412698, "LWS": 5.517241379310345, "LYH": 11.741721854304636, "MAF": 7.562548562548563, "MBS": 10.650990099009901, "MCI": 8.072753209700428, "MCO": 7.822719782882621, "MDT": 9.564697609001406, "MDW": 5.691418635573284, "MEI": 14.494736842105263, "MEM": 10.056248268218344, "MFE": 8.775933609958507, "MFR": 10.12034632034632, "MGM": 12.806569343065693, "MHK": 12.149193548387096, "MHT": 7.757172848145556, "MIA": 8.307292398482506, "MKE": 9.3439934399344, "MKG": 14.55, "MKK": 5.035087719298246, "MLB": 9.535897435897436, "MLI": 10.964994165694282, "MLU": 10.292565947242206, "MMH": 12.654867256637168, "MOB": 12.389850057670127, "MOT": 6.569948186528498, "MQT": 10.73793103448276, "MRY": 12.0625, "MSN": 11.292156862745099, "MSO": 7.656010230179028, "MSP": 7.369326500732065, "MSY": 8.602856040138942, "MTJ": 10.749571183533448, "MYR": 9.765889830508474, "OAJ": 10.170022371364654, "OAK": 5.605824446267432, "OGD": 6.533333333333333, "OGG": 7.740382345999528, "OGS": 6.625, "OKC": 9.312233891569685, "OMA": 9.465571205007825, "OME": 4.228915662650603, "ONT": 7.106203007518797, "ORD": 6.616841688131563, "ORF": 8.718280216476249, "ORH": 10.651041666666666, "OTH": 6.071428571428571, "OTZ": 4.446808510638298, "OWB": 5.5, "PAE": 7.62, "PAH": 13.758928571428571, "PBG": 10.256830601092895, "PBI": 8.391901491830453, "PDX": 7.5353728489483744, "PGD": 6.671232876712328, "PGV": 12.505376344086022, "PHF": 9.65009940357853, "PHL": 7.416153959738151, "PHX": 6.601049463693186, "PIA": 11.66081081081081, "PIB": 7.090909090909091, "PIE": 6.668110918544194, "PIH": 5.493827160493828, "PIR": 9.173913043478262, "PIT": 8.747259259259259, "PLN": 8.427083333333334, "PNS": 9.810165339865279, "PPG": 7.523809523809524, "PQI": 15.785714285714286, "PRC": 10.375, "PSC": 8.794816414686824, "PSE": 7.1652892561983474, "PSG": 3.9625, "PSM": 8.026315789473685, "PSP": 10.085465958474167, "PUB": 7.549180327868853, "PUW": 7.692737430167598, "PVD": 8.089922480620155, "PVU": 7.3023255813953485, "PWM": 9.191450933172787, "RAP": 10.236507936507936, "RDD": 10.026490066225165, "RDM": 9.82695810564663, "RDU": 8.238374056975566, "RFD": 6.247191011235955, "RHI": 5.613207547169812, "RIC": 9.259510869565217, "RKS": 10.803571428571429, "RNO": 8.140634533251983, "ROA": 9.996753246753247, "ROC": 9.79650690495532, "ROP": 5.0, "ROW": 12.98421052631579, "RST": 11.617647058823529, "RSW": 8.16027397260274, "SAF": 11.61128526645768, "SAN": 7.450092626898852, "SAT": 8.681582901986976, "SAV": 9.18462246777164, "SBA": 10.84696823869105, "SBN": 10.661764705882353, "SBP": 12.198838896952104, "SBY": 9.548507462686567, "SCC": 4.253968253968254, "SCE": 9.25705329153605, "SCK": 7.5754716981132075, "SDF": 9.6, "SEA": 6.984529156589504,