{"ABE": 16.283898305084747, "ABI": 16.06529209621993, "ABQ": 13.680211081794194, "ABR": 21.872549019607842, "ABY": 12.942028985507246, "ACT": 12.797927461139896, "ACV": 13.39269406392694, "ACY": 11.959558823529411, "ADK": 13.25, "ADQ": 7.6231884057971016, "AEX": 17.307174887892376, "AGS": 16.766423357664234, "ALB": 16.161490683229815, "ALO": 19.989795918367346, "ALW": 7.71875, "AMA": 14.443181818181818, "ANC": 15.887419720438231, "APN": 18.936708860759495, "ART": 20.087912087912088, "ASE": 21.61847733105218, "ATL": 15.823849294729028, "ATW": 20.22247972190035, "ATY": 14.5, "AUS": 13.62788095770866, "AVL": 17.29763912310287, "AVP": 18.701333333333334, "AZA": 12.211267605633802, "AZO": 20.502890173410403, "BDL": 13.651400730816079, "BET": 9.689320388349515, "BFF": 18.63768115942029, "BFL": 16.19558359621451, "BFM": 14.4, "BGM": 24.521008403361346, "BGR": 21.58217821782178, "BHM": 15.06878698224852, "BIL": 14.979141104294479, "BIS": 19.073342736248236, "BJI": 19.367924528301888, "BLI": 12.992606284658041, "BLV": 11.023809523809524, "BMI": 16.964735516372794, "BNA": 14.1084036838066, "BOI": 15.19831223628692, "BOS": 19.181228706451257, "BPT": 15.267175572519085, "BQK": 14.448275862068966, "BQN": 12.0, "BRD": 19.444444444444443, "BRO": 14.357798165137615, "BRW": 7.695238095238095, "BTM": 18.20909090909091, "BTR": 16.25, "BTV": 22.157820240622787, "BUF": 16.517165005537098, "BUR": 13.912771807048237, "BWI": 14.308257419923597, "BZN": 18.302209550962225, "CAE": 15.766754270696453, "CAK": 19.794726930320152, "CDC": 16.010526315789473, "CDV": 9.151515151515152, "CGI": 21.08888888888889, "CHA": 16.48078431372549, "CHO": 16.27592768791627, "CHS": 14.55528554070474, "CID": 17.792122538293217, "CIU": 24.825581395348838, "CKB": 19.580357142857142, "CLE": 16.87518290898449, "CLL": 11.31081081081081, "CLT": 20.271873666239863, "CMH": 16.684853051996985, "CMI": 15.615384615384615, "CMX": 24.09090909090909, "CNY": 12.823529411764707, "COD": 17.89814814814815, "COS": 20.745852687458527, "COU": 19.3943661971831, "CPR": 17.066037735849058, "CRP": 12.472329472329472, "CRW": 18.228840125391848, "CSG": 17.076335877862597, "CVG": 17.750823271130624, "CWA": 18.44055944055944, "CYS": 13.675675675675675, "DAB": 13.819532908704883, "DAL": 11.36155983125836, "DAY": 19.15722700498414, "DBQ": 17.48936170212766, "DCA": 18.247399867227262, "DEN": 17.120346366624798, "DFW": 18.552487320047135, "DHN": 20.53846153846154, "DIK": 21.9390243902439, "DLH": 21.041450777202073, "DRO": 19.642201834862384, "DRT": 14.473684210526315, "DSM": 16.33998371335505, "DTW": 20.85367296075698, "DUT": 5.168539325842697, "DVL": 26.135135135135137, "EAR": 18.506493506493506, "EAT": 8.375, "EAU": 20.514851485148515, "ECP": 12.64, "EGE": 19.81924198250729, "EKO": 14.689320388349515, "ELM": 18.81117021276596, "ELP": 14.734334921216563, "ERI": 19.76875, "ESC": 18.426666666666666, "EUG": 14.558452481076534, "EVV": 19.9971870604782, "EWN": 15.815384615384616, "EWR": 23.682658359293875, "EYW": 12.16593886462882, "FAI": 14.18141592920354, "FAR": 22.01156069364162, "FAT": 15.263066202090592, "FAY": 16.736040609137056, "FCA": 21.812698412698413, "FLG": 21.579908675799086, "FLL": 16.807205587442084, "FLO": 16.67924528301887, "FNT": 16.31687898089172, "FSD": 20.326126126126127, "FSM": 14.360544217687075, "FWA": 20.524952015355087, "GCC": 17.696428571428573, "GCK": 16.183673469387756, "GEG": 17.529782540182794, "GFK": 21.256756756756758, "GGG": 12.866666666666667, "GJT": 18.639551192145863, "GNV": 14.2574568288854, "GPT": 15.633012820512821, "GRB": 17.566084788029926, "GRI": 15.510948905109489, "GRK": 16.43294117647059, "GRR": 17.789219073946096, "GSO": 17.724197745013008, "GSP": 15.980218855218855, "GTF": 13.885281385281385, "GTR": 18.3206106870229, "GUC": 15.152284263959391, "GUM": 11.868852459016393, "HDN": 20.271428571428572, "HGR": 9.6875, "HHH": 16.712707182320443, "HIB": 19.085106382978722, "HLN": 20.155807365439095, "HNL": 15.447920208545845, "HOB": 13.681034482758621, "HOU": 10.58922077922078, "HPN": 14.453333333333333, "HRL": 10.725631768953068, "HSV": 16.4559043348281, "HTS": 14.061224489795919, "HVN": 14.675213675213675, "HYS": 14.58041958041958, "IAD": 19.714969777847553, "IAG": 15.17142857142857, "IAH": 19.159806770874244, "ICT": 15.508363201911589, "IDA": 20.59493670886076, "IFP": 16.0, "ILM": 15.317008014247552, "IMT": 17.288659793814432, "IND": 17.050833097994918, "INL": 18.747252747252748, "IPT": 20.58823529411765, "ISN": 28.45212765957447, "ISP": 12.593202883625128, "ITH": 24.44606413994169, "ITO": 9.062317429406036, "JAC": 23.64304461942257, "JAN": 15.275270758122744, "JAX": 13.911246465085926, "JFK": 25.130408175754237, "JHM": 3.0945945945945947, "JLN": 20.72566371681416, "JMS": 19.46315789473684, "JNU": 17.326771653543307, "KOA": 11.627098321342926, "KTN": 13.715909090909092, "LAN": 20.344890510948904, "LAR": 21.51685393258427, "LAS": 15.204628128150064, "LAW": 16.78527607361963, "LAX": 18.543005737867098, "LBB": 13.345454545454546, "LBE": 15.248407643312103, "LBF": 20.591549295774648, "LBL": 18.492537313432837, "LCH": 13.691449814126393, "LCK": 12.175, "LEX": 18.065906210392903, "LFT": 17.018633540372672, "LGA": 23.604323402547898, "LGB": 13.191659646166807, "LIH": 9.761744966442953, "LIT": 14.336028297119757, "LNK": 20.13664596273292, "LNY": 5.1, "LRD": 13.50625, "LSE": 18.303135888501743, "LWB": 12.936507936507937, "LWS": 12.183908045977011, "LYH": 17.887417218543046, "MAF": 13.823620823620823, "MBS": 19.623762376237625, "MCI": 14.761250162106082, "MCO": 15.062033536880877, "MDT": 17.526019690576653, "MDW": 12.770379462002658, "MEI": 15.284210526315789, "MEM": 15.297312274868384, "MFE": 11.75795297372061, "MFR": 15.317748917748919, "MGM": 17.240875912408757, "MHK": 17.887096774193548, "MHT": 15.075577326801959, "MIA": 19.124420401854714, "MKE": 14.91779417794178, "MKG": 20.47, "MKK": 4.5701754385964914, "MLB": 13.841025641025642, "MLI": 18.442240373395567, "MLU": 15.621103117505996, "MMH": 18.194690265486727, "MOB": 14.546712802768166, "MOT": 22.911917098445596, "MQT": 22.917241379310344, "MRY": 14.989864864864865, "MSN": 15.725, "MSO": 19.13682864450128, "MSP": 20.946147510980968, "MSY": 11.868905184613405, "MTJ": 18.154373927958833, "MYR": 14.188559322033898, "OAJ": 18.335570469798657, "OAK": 12.833059885151764, "OGD": 8.0, "OGG": 10.73896624970498, "OGS": 19.8, "OKC": 14.063298325290946, "OMA": 16.621804903495043, "OME": 9.74698795180723, "ONT": 11.848057644110275, "ORD": 22.281493956806024, "ORF": 15.58568851473241, "ORH": 16.46875, "OTH": 12.607142857142858, "OTZ": 8.702127659574469, "OWB": 6.25, "PAE": 13.636666666666667, "PAH": 15.883928571428571, "PBG": 16.24590163934426, "PBI": 14.114847264977504, "PDX": 12.971717654557043, "PGD": 10.44634703196347, "PGV": 20.983870967741936, "PHF": 16.294234592445328, "PHL": 20.1065117881577, "PHX": 15.62929238367158, "PIA": 18.745945945945945, "PIB": 14.215909090909092, "PIE": 12.135181975736568, "PIH": 17.14814814814815, "PIR": 12.347826086956522, "PIT": 17.246222222222222, "PLN": 18.395833333333332, "PNS": 13.219840783833435, "PPG": 15.380952380952381, "PQI": 28.482142857142858, "PRC": 17.7625, "PSC": 15.688984881209503, "PSE": 13.603305785123966, "PSG": 10.6625, "PSM": 13.68421052631579, "PSP": 14.544664413326895, "PUB": 15.778688524590164, "PUW": 7.597765363128492, "PVD": 13.57984496124031, "PVU": 11.488372093023257, "PWM": 17.456351595424444, "RAP": 17.92063492063492, "RDD": 15.2317880794702, "RDM": 16.112021857923498, "RDU": 16.75171714896971, "RFD": 12.202247191011235, "RHI": 20.60377358490566, "RIC": 17.95788043478261, "RKS": 19.473214285714285, "RNO": 14.482001220256254, "ROA": 18.656926406926406, "ROC": 17.516246953696182, "ROP": 7.857142857142857, "ROW": 14.452631578947368, "RST": 21.582720588235293, "RSW": 13.362252663622527, "SAF": 18.442006269592476, "SAN": 16.9779918488329, "SAT": 11.65069293705126, "SAV": 15.237108655616943, "SBA": 15.315688161693936, "SBN": 22.441176470588236, "SBP": 16.397677793904208, "SBY": 14.720149253731343,