{"ABE": -3.189265536723164, "ABI": -3.7869415807560136, "ABQ": -1.5693931398416887, "ABR": -3.049019607843137, "ABY": -2.760869565217391, "ACT": -4.367875647668394, "ACV": -3.771689497716895, "ACY": -4.709558823529412, "ADK": -5.625, "ADQ": -8.420289855072463, "AEX": -5.2174887892376685, "AGS": -3.272992700729927, "ALB": -3.012866015971606, "ALO": -3.4693877551020407, "ALW": -1.34375, "AMA": -4.3686868686868685, "ANC": -4.627880619569324, "APN": -3.0253164556962027, "ART": -1.945054945054945, "ASE": -5.18562874251497, "ATL": -0.43552338530066814, "ATW": -4.76361529548088, "ATY": -9.045454545454545, "AUS": -1.6428731259789662, "AVL": -4.22681281618887, "AVP": -4.010666666666666, "AZA": -0.7007042253521126, "AZO": -4.759152215799615, "BDL": -2.0233861144945187, "BET": -7.485436893203883, "BFF": -6.869565217391305, "BFL": -5.195583596214511, "BFM": -8.2, "BGM": -3.9411764705882355, "BGR": -4.293069306930693, "BHM": -2.3550295857988166, "BIL": -4.204907975460123, "BIS": -4.46262341325811, "BJI": -5.30188679245283, "BLI": -3.489833641404806, "BLV": -1.246031746031746, "BMI": -4.141057934508816, "BNA": -0.86128165771297, "BOI": -2.8541666666666665, "BOS": -1.7327728321793603, "BPT": -4.290076335877862, "BQK": -4.220689655172414, "BQN": -1.3535353535353536, "BRD": -3.2444444444444445, "BRO": -5.525993883792049, "BRW": -5.133333333333334, "BTM": -7.4, "BTR": -4.7158203125, "BTV": -3.2271762208067942, "BUF": -3.0822259136212624, "BUR": -0.7100724818795301, "BWI": 0.687848956802821, "BZN": -4.012116892373485, "CAE": -2.958607095926413, "CAK": -3.6789077212806025, "CDC": -6.28421052631579, "CDV": -9.954545454545455, "CGI": -8.033333333333333, "CHA": -4.133333333333334, "CHO": -4.516650808753568, "CHS": -3.417071688942892, "CID": -3.047410649161196, "CIU": -3.953488372093023, "CKB": -5.321428571428571, "CLE": -2.786215978928885, "CLL": -6.618243243243243, "CLT": -0.9947645468772229, "CMH": -2.038733986435569, "CMI": -3.8254437869822486, "CMX": -6.8522727272727275, "CNY": -11.215686274509803, "COD": -8.037037037037036, "COS": -3.9502322495023225, "COU": -3.9380281690140846, "CPR": -6.911949685534591, "CRP": -4.5933075933075935, "CRW": -3.396551724137931, "CSG": -4.633587786259542, "CVG": -2.285243845068214, "CWA": -6.205128205128205, "CYS": -6.594594594594595, "DAB": -2.522292993630573, "DAL": 1.6557258977261036, "DAY": -4.481649297689171, "DBQ": -6.2695035460992905, "DCA": -2.707402080106218, "DEN": -0.9561963813239971, "DFW": -1.0656283621087146, "DHN": -4.384615384615385, "DIK": -7.963414634146342, "DLH": -5.22279792746114, "DRO": -4.9284403669724774, "DRT": -4.618421052631579, "DSM": -3.191775244299674, "DTW": -1.9380729100663203, "DUT": -1.202247191011236, "DVL": -7.243243243243243, "EAR": -10.025974025974026, "EAT": 1.4736842105263157, "EAU": -7.4950495049504955, "ECP": -2.8128571428571427, "EGE": -4.118075801749272, "EKO": -6.563106796116505, "ELM": -5.76063829787234, "ELP": -1.3279589593257604, "ERI": -5.209375, "ESC": -4.92, "EUG": -4.103448275862069, "EVV": -4.80309423347398, "EWN": -4.495384615384616, "EWR": -1.6389408099688474, "EYW": -3.6157205240174672, "FAI": -6.828908554572271, "FAR": -2.169942196531792, "FAT": -3.692218350754936, "FAY": -2.3468697123519457, "FCA": -4.296825396825397, "FLG": -4.945205479452055, "FLL": -0.9215130350598161, "FLO": -3.4213836477987423, "FNT": -3.248407643312102, "FSD": -3.4756756756756757, "FSM": -4.887755102040816, "FWA": -3.174664107485605, "GCC": -7.160714285714286, "GCK": -2.7448979591836733, "GEG": -2.908919004097069, "GFK": -5.466216216216216, "GGG": -4.691666666666666, "GJT": -4.980364656381487, "GNV": -3.0455259026687598, "GPT": -4.479166666666667, "GRB": -5.415211970074813, "GRI": -1.3941605839416058, "GRK": -4.308235294117647, "GRR": -2.6990324809951622, "GSO": -4.031656548135299, "GSP": -2.8564814814814814, "GTF": -4.748917748917749, "GTR": -4.068702290076335, "GUC": -5.776649746192893, "GUM": -4.715846994535519, "HDN": -4.251785714285714, "HGR": 4.4375, "HHH": -4.922651933701657, "HIB": -4.191489361702128, "HLN": -4.203966005665722, "HNL": -1.8287430579168082, "HOB": -6.637931034482759, "HOU": 1.7877922077922077, "HPN": -2.2596491228070175, "HRL": -2.568592057761733, "HSV": -4.106875934230194, "HTS": -4.38265306122449, "HVN": -4.615384615384615, "HYS": -7.72027972027972, "IAD": -2.6210848575241386, "IAG": -2.219047619047619, "IAH": -2.1431545047521796, "ICT": -4.154121863799283, "IDA": -4.19493670886076, "IFP": -4.857142857142857, "ILM": -3.483526268922529, "IMT": -6.041237113402062, "IND": -1.7086981078791301, "INL": -10.340659340659341, "IPT": -6.447058823529412, "ISN": -7.632978723404255, "ISP": 0.8094747682801235, "ITH": -4.548104956268221, "ITO": -2.385589094449854, "JAC": -3.351706036745407, "JAN": -2.661552346570397, "JAX": -2.3621927343919946, "JFK": -1.6115904779389267, "JHM": -2.391891891891892, "JLN": -3.7079646017699117, "JMS": -6.2631578947368425, "JNU": -6.425196850393701, "KOA": -4.206235011990407, "KTN": -5.988636363636363, "LAN": -3.978102189781022, "LAR": -5.820224719101123, "LAS": -1.240741552351317, "LAW": -5.815950920245399, "LAX": -1.0692501201277593, "LBB": -3.690909090909091, "LBE": -5.649681528662421, "LBF": -6.619718309859155, "LBL": -7.1940298507462686, "LCH": -5.977695167286245, "LCK": 0.4, "LEX": -3.9657794676806084, "LFT": -5.074534161490683, "LGA": -2.3254589226602467, "LGB": -2.6520640269587195, "LIH": -3.692953020134228, "LIT": -2.76755937342092, "LNK": -5.134575569358178, "LNY": -6.765, "LRD": -6.0, "LSE": -5.7386759581881535, "LWB": -8.126984126984127, "LWS": -7.086206896551724, "LYH": -5.112582781456954, "MAF": -3.4087024087024087, "MBS": -6.091584158415841, "MCI": -1.4845026585397485, "MCO": -1.0424057381021614, "MDT": -4.419127988748242, "MDW": 2.8318502608162013, "MEI": -3.9473684210526314, "MEM": -2.883347187586589, "MFE": -4.636237897648686, "MFR": -2.987012987012987, "MGM": -4.144160583941606, "MHK": -3.532258064516129, "MHT": -3.876137158852344, "MIA": -1.5112406913025151, "MKE": -2.089380893808938, "MKG": -8.36, "MKK": 0.39473684210526316, "MLB": -3.9692307692307693, "MLI": -4.051341890315053, "MLU": -4.383693045563549, "MMH": -2.6283185840707963, "MOB": -3.6643598615916955, "MOT": -3.9792746113989637, "MQT": -3.110344827586207, "MRY": -5.22804054054054, "MSN": -3.776470588235294, "MSO": -2.8414322250639388, "MSP": -1.635020131771596, "MSY": -1.1870577640550624, "MTJ": -5.149228130360206, "MYR": -4.435381355932203, "OAJ": -2.859060402684564, "OAK": 0.27850697292863, "OGD": 3.3333333333333335, "OGG": -2.383998111871607, "OGS": -1.475, "OKC": -2.8021572523417544, "OMA": -2.8458528951486697, "OME": -7.397590361445783, "ONT": -0.8076441102756893, "ORD": -1.620071329502675, "ORF": -2.5159350571256764, "ORH": -4.932291666666667, "OTH": -5.5, "OTZ": -10.0, "OWB": 1.4166666666666667, "PAE": -1.5066666666666666, "PAH": -8.491071428571429, "PBG": -3.0054644808743167, "PBI": -3.1719156997395217, "PDX": -2.3554015296367115, "PGD": -4.340182648401827, "PGV": -3.7419354838709675, "PHF": -3.944333996023857, "PHL": -2.5325097209233647, "PHX": -0.6639787020603442, "PIA": -4.075675675675676, "PIB": -4.2272727272727275, "PIE": -5.922010398613518, "PIH": -5.722222222222222, "PIR": -5.043478260869565, "PIT": -2.6374814814814815, "PLN": -3.8229166666666665, "PNS": -3.8205756276791183, "PPG": -3.5714285714285716, "PQI": -4.803571428571429, "PRC": -2.9, "PSC": -3.6187904967602593, "PSE": -5.1570247933884295, "PSG": -6.9, "PSM": -2.526315789473684, "PSP": -4.624336069531627, "PUB": -6.877049180327869, "PUW": 0.3575418994413408, "PVD": -1.7732558139534884, "PVU": 0.4069767441860465, "PWM": -4.011438892233595, "RAP": -3.8476190476190477, "RDD": -8.079470198675496, "RDM": -3.493624772313297, "RDU": -1.4931877040873776, "RFD": -3.460674157303371, "RHI": -6.283018867924528, "RIC": -3.0910326086956523, "RKS": -4.642857142857143, "RNO": -1.939902379499695, "ROA": -3.8852813852813854, "ROC": -3.210804224207961, "ROP": -12.5, "ROW": -5.973684210526316, "RST": -4.295955882352941,