{"ABE": 0.7598870056497176, "ABI": 0.6597938144329897, "ABQ": 0.7580474934036939, "ABR": 0.7549019607843137, "ABY": 0.8768115942028986, "ACT": 0.7668393782383419, "ACV": 0.7534246575342466, "ACY": 0.7775735294117647, "ADK": 0.625, "ADQ": 0.7391304347826086, "AEX": 0.773542600896861, "AGS": 0.7824817518248175, "ALB": 0.805678793256433, "ALO": 0.673469387755102, "ALW": 0.6484375, "AMA": 0.7828282828282829, "ANC": 0.7389497544389876, "APN": 0.7974683544303798, "ART": 0.7582417582417582, "ASE": 0.7262617621899059, "ATL": 0.813195991091314, "ATW": 0.776361529548088, "ATY": 0.8636363636363636, "AUS": 0.781942268963974, "AVL": 0.7723440134907251, "AVP": 0.788, "AZA": 0.6936619718309859, "AZO": 0.8285163776493256, "BDL": 0.8124238733252132, "BET": 0.7572815533980582, "BFF": 0.7971014492753623, "BFL": 0.8264984227129337, "BFM": 0.8, "BGM": 0.8067226890756303, "BGR": 0.7603960396039604, "BHM": 0.7644230769230769, "BIL": 0.8233128834355828, "BIS": 0.8251057827926658, "BJI": 0.8301886792452831, "BLI": 0.711645101663586, "BLV": 0.6825396825396826, "BMI": 0.760705289672544, "BNA": 0.7705295471987721, "BOI": 0.7866561181434599, "BOS": 0.8163534454335641, "BPT": 0.7404580152671756, "BQK": 0.9172413793103448, "BQN": 0.7104377104377104, "BRD": 0.7888888888888889, "BRO": 0.8073394495412844, "BRW": 0.7714285714285715, "BTM": 0.8636363636363636, "BTR": 0.7705078125, "BTV": 0.7615003538570417, "BUF": 0.8178294573643411, "BUR": 0.7245688577855536, "BWI": 0.7646929180135175, "BZN": 0.7647897362794013, "CAE": 0.7700394218134035, "CAK": 0.7674199623352166, "CDC": 0.7473684210526316, "CDV": 0.7424242424242424, "CGI": 0.7444444444444445, "CHA": 0.7937254901960784, "CHO": 0.8039961941008563, "CHS": 0.8177399756986634, "CID": 0.7629467541940189, "CIU": 0.7906976744186046, "CKB": 0.7410714285714286, "CLE": 0.8027509511267193, "CLL": 0.8378378378378378, "CLT": 0.7260776781903543, "CMH": 0.7495101733232856, "CMI": 0.7337278106508875, "CMX": 0.7272727272727273, "CNY": 0.6470588235294118, "COD": 0.8333333333333334, "COS": 0.7909754479097545, "COU": 0.6985915492957746, "CPR": 0.8805031446540881, "CRP": 0.8185328185328186, "CRW": 0.7617554858934169, "CSG": 0.7938931297709924, "CVG": 0.7508232711306256, "CWA": 0.8158508158508159, "CYS": 0.6216216216216216, "DAB": 0.8492569002123143, "DAL": 0.7581026854614672, "DAY": 0.7426370638876303, "DBQ": 0.723404255319149, "DCA": 0.7884487718521797, "DEN": 0.7740599192880242, "DFW": 0.7174547876428096, "DHN": 0.7637362637362637, "DIK": 0.8414634146341463, "DLH": 0.8549222797927462, "DRO": 0.726605504587156, "DRT": 0.9078947368421053, "DSM": 0.7666938110749185, "DTW": 0.8450133062983145, "DUT": 0.9101123595505618, "DVL": 0.8783783783783784, "EAR": 0.8441558441558441, "EAT": 0.4605263157894737, "EAU": 0.8217821782178217, "ECP": 0.8314285714285714, "EGE": 0.7099125364431487, "EKO": 0.8543689320388349, "ELM": 0.8457446808510638, "ELP": 0.7376328325393917, "ERI": 0.846875, "ESC": 0.8666666666666667, "EUG": 0.768713204373423, "EVV": 0.7749648382559775, "EWN": 0.8246153846153846, "EWR": 0.7558151609553478, "EYW": 0.7805676855895196, "FAI": 0.8362831858407079, "FAR": 0.7421965317919075, "FAT": 0.7590011614401858, "FAY": 0.7648054145516074, "FCA": 0.746031746031746, "FLG": 0.8036529680365296, "FLL": 0.7648157112232903, "FLO": 0.8176100628930818, "FNT": 0.7993630573248408, "FSD": 0.7765765765765765, "FSM": 0.7891156462585034, "FWA": 0.753358925143954, "GCC": 0.8660714285714286, "GCK": 0.7346938775510204, "GEG": 0.7686731799558777, "GFK": 0.8412162162162162, "GGG": 0.775, "GJT": 0.7475455820476858, "GNV": 0.7488226059654631, "GPT": 0.7676282051282052, "GRB": 0.8179551122194514, "GRI": 0.7299270072992701, "GRK": 0.7717647058823529, "GRR": 0.7909467864547339, "GSO": 0.813529921942758, "GSP": 0.7929292929292929, "GTF": 0.8636363636363636, "GTR": 0.8091603053435115, "GUC": 0.7715736040609137, "GUM": 0.7704918032786885, "HDN": 0.7428571428571429, "HGR": 0.4375, "HHH": 0.7403314917127072, "HIB": 0.9042553191489362, "HLN": 0.8158640226628895, "HNL": 0.6691601496089765, "HOB": 0.8620689655172413, "HOU": 0.7611688311688312, "HPN": 0.7971929824561403, "HRL": 0.8212996389891697, "HSV": 0.7825112107623319, "HTS": 0.7551020408163265, "HVN": 0.7435897435897436, "HYS": 0.8601398601398601, "IAD": 0.7845199780202528, "IAG": 0.6095238095238096, "IAH": 0.7778650538056712, "ICT": 0.7921146953405018, "IDA": 0.7417721518987341, "IFP": 0.6428571428571429, "ILM": 0.8201246660730187, "IMT": 0.8762886597938144, "IND": 0.7472465405252754, "INL": 0.9120879120879121, "IPT": 0.6823529411764706, "ISN": 0.8191489361702128, "ISP": 0.7353244078269825, "ITH": 0.7959183673469388, "ITO": 0.7147030185004869, "JAC": 0.7545931758530183, "JAN": 0.7418772563176895, "JAX": 0.7974766151838155, "JFK": 0.8118230218468881, "JHM": 0.6756756756756757, "JLN": 0.6548672566371682, "JMS": 0.7473684210526316, "JNU": 0.6909448818897638, "KOA": 0.7354116706634692, "KTN": 0.6742424242424242, "LAN": 0.7937956204379562, "LAR": 0.7191011235955056, "LAS": 0.7432616031906035, "LAW": 0.7300613496932515, "LAX": 0.7413437349840301, "LBB": 0.7646464646464647, "LBE": 0.8471337579617835, "LBF": 0.7746478873239436, "LBL": 0.8059701492537313, "LCH": 0.8066914498141264, "LCK": 0.575, "LEX": 0.7737642585551331, "LFT": 0.7468944099378882, "LGA": 0.821396328618718, "LGB": 0.7818028643639428, "LIH": 0.6891778523489933, "LIT": 0.7609903991915109, "LNK": 0.7515527950310559, "LNY": 0.73, "LRD": 0.83125, "LSE": 0.818815331010453, "LWB": 0.8412698412698413, "LWS": 0.9367816091954023, "LYH": 0.7847682119205298, "MAF": 0.7684537684537684, "MBS": 0.8663366336633663, "MCI": 0.7611204772403061, "MCO": 0.7834157216245032, "MDT": 0.7749648382559775, "MDW": 0.7175002557021581, "MEI": 0.6842105263157895, "MEM": 0.7794402881684677, "MFE": 0.8215767634854771, "MFR": 0.6805194805194805, "MGM": 0.7846715328467153, "MHK": 0.717741935483871, "MHT": 0.8236529041287614, "MIA": 0.7367570605592244, "MKE": 0.7882328823288233, "MKG": 0.78, "MKK": 0.5175438596491229, "MLB": 0.8692307692307693, "MLI": 0.7689614935822637, "MLU": 0.8177458033573142, "MMH": 0.6371681415929203, "MOB": 0.7116493656286044, "MOT": 0.8238341968911918, "MQT": 0.7655172413793103, "MRY": 0.7179054054054054, "MSN": 0.8127450980392157, "MSO": 0.7621483375959079, "MSP": 0.8387170571010248, "MSY": 0.7724173420815644, "MTJ": 0.7804459691252144, "MYR": 0.8326271186440678, "OAJ": 0.7919463087248322, "OAK": 0.7090511348099535, "OGD": 0.7333333333333333, "OGG": 0.64550389426481, "OGS": 0.75, "OKC": 0.7908032926483111, "OMA": 0.7793427230046949, "OME": 0.8192771084337349, "ONT": 0.7365288220551378, "ORD": 0.7257776897166633, "ORF": 0.7868310282621768, "ORH": 0.734375, "OTH": 0.8571428571428571, "OTZ": 0.8191489361702128, "OWB": 0.6666666666666666, "PAE": 0.6833333333333333, "PAH": 0.7767857142857143, "PBG": 0.7049180327868853, "PBI": 0.8193227563343595, "PDX": 0.7257010834926705, "PGD": 0.7865296803652968, "PGV": 0.7473118279569892, "PHF": 0.8290258449304175, "PHL": 0.7977555741497269, "PHX": 0.7272166062196157, "PIA": 0.7351351351351352, "PIB": 0.7727272727272727, "PIE": 0.8370883882149047, "PIH": 0.7716049382716049, "PIR": 1.0, "PIT": 0.7688888888888888, "PLN": 0.8541666666666666, "PNS": 0.807103490508267, "PPG": 0.5238095238095238, "PQI": 0.6964285714285714, "PRC": 0.7375, "PSC": 0.7818574514038877, "PSE": 0.8099173553719008, "PSG": 0.6875, "PSM": 0.7894736842105263, "PSP": 0.7778850796716562, "PUB": 0.7213114754098361, "PUW": 0.6424581005586593, "PVD": 0.8081395348837209, "PVU": 0.6627906976744186, "PWM": 0.8067429259482239, "RAP": 0.8111111111111111, "RDD": 0.8211920529801324, "RDM": 0.6602914389799636, "RDU": 0.7843711293773223, "RFD": 0.7415730337078652, "RHI": 0.8490566037735849, "RIC": 0.7690217391304348, "RKS": 0.7232142857142857, "RNO": 0.7449664429530202, "ROA": 0.79004329004329, "ROC": 0.8025995125913891, "ROP": 1.0, "ROW": 0.7578947368421053, "RST": 0.7297794117647058, "RSW": 0.8242009132420092, "SAF": 0.7836990595611285, "SAN": 0.745905891070767, "SAT": 0.8049757889464018,