{"ABE": -9.307909604519773, "ABI": -3.6288659793814433, "ABQ": -7.325065963060686, "ABR": -8.92156862745098, "ABY": -10.840579710144928, "ACT": -7.383419689119171, "ACV": -7.602739726027397, "ACY": -9.766544117647058, "ADK": -4.75, "ADQ": -8.144927536231885, "AEX": -9.114349775784753, "AGS": -8.795620437956204, "ALB": -12.515971606033718, "ALO": -2.357142857142857, "ALW": -1.6640625, "AMA": -8.428030303030303, "ANC": -7.528145069890442, "APN": -11.113924050632912, "ART": -8.813186813186814, "ASE": -8.355004277159965, "ATL": -8.375575352635487, "ATW": -10.37891077636153, "ATY": -16.727272727272727, "AUS": -7.739203401208324, "AVL": -8.360033726812816, "AVP": -11.290666666666667, "AZA": -5.276995305164319, "AZO": -14.576107899807322, "BDL": -11.85115712545676, "BET": -7.019417475728155, "BFF": -7.782608695652174, "BFL": -10.04416403785489, "BFM": -18.2, "BGM": -12.714285714285714, "BGR": -11.487128712871288, "BHM": -7.583579881656805, "BIL": -12.196319018404909, "BIS": -11.557122708039492, "BJI": -15.424528301886792, "BLI": -5.979667282809612, "BLV": -5.476190476190476, "BMI": -9.365239294710328, "BNA": -7.980046047582502, "BOI": -8.909810126582279, "BOS": -12.705242334322453, "BPT": -6.3893129770992365, "BQK": -14.393103448275863, "BQN": -6.909090909090909, "BRD": -13.733333333333333, "BRO": -8.290519877675841, "BRW": -7.419047619047619, "BTM": -12.872727272727273, "BTR": -8.9150390625, "BTV": -10.34819532908705, "BUF": -12.455149501661129, "BUR": -5.350412396900775, "BWI": -8.499853070819865, "BZN": -10.79472558802566, "CAE": -7.875821287779238, "CAK": -10.435969868173258, "CDC": -9.505263157894737, "CDV": -8.227272727272727, "CGI": -7.644444444444445, "CHA": -9.406274509803922, "CHO": -10.841103710751666, "CHS": -9.480558930741191, "CID": -9.021152443471918, "CIU": -11.55813953488372, "CKB": -8.982142857142858, "CLE": -11.25256072578285, "CLL": -10.10135135135135, "CLT": -5.635993740219092, "CMH": -8.27731725697061, "CMI": -6.674556213017752, "CMX": -11.943181818181818, "CNY": -8.411764705882353, "COD": -14.453703703703704, "COS": -9.538155275381552, "COU": -7.171830985915493, "CPR": -13.176100628930818, "CRP": -9.293436293436294, "CRW": -9.432601880877742, "CSG": -12.007633587786259, "CVG": -8.587737180492395, "CWA": -11.55944055944056, "CYS": -4.486486486486487, "DAB": -8.912951167728238, "DAL": -6.636588126350447, "DAY": -8.79157227004984, "DBQ": -8.120567375886525, "DCA": -9.633436601017925, "DEN": -8.170991795173316, "DFW": -5.155848147958399, "DHN": -8.296703296703297, "DIK": -15.621951219512194, "DLH": -15.466321243523316, "DRO": -6.4036697247706424, "DRT": -19.67105263157895, "DSM": -9.546416938110749, "DTW": -15.186921809656571, "DUT": -17.258426966292134, "DVL": -11.594594594594595, "EAR": -15.779220779220779, "EAT": 2.5723684210526314, "EAU": -9.613861386138614, "ECP": -9.901428571428571, "EGE": -7.005830903790088, "EKO": -10.242718446601941, "ELM": -14.77127659574468, "ELP": -5.779772810553316, "ERI": -15.184375, "ESC": -11.8, "EUG": -8.013456686291, "EVV": -10.379746835443038, "EWN": -10.196923076923078, "EWR": -9.420664589823469, "EYW": -7.470524017467249, "FAI": -13.056047197640117, "FAR": -8.314450867052024, "FAT": -7.209639953542393, "FAY": -7.727580372250423, "FCA": -10.126984126984127, "FLG": -10.251141552511415, "FLL": -7.592351842887767, "FLO": -11.29559748427673, "FNT": -11.187898089171975, "FSD": -10.974774774774774, "FSM": -8.112244897959183, "FWA": -9.542226487523992, "GCC": -12.5, "GCK": -5.551020408163265, "GEG": -8.594705326189725, "GFK": -13.462837837837839, "GGG": -8.616666666666667, "GJT": -6.828892005610098, "GNV": -5.938775510204081, "GPT": -7.798076923076923, "GRB": -10.866583541147133, "GRI": -8.861313868613138, "GRK": -7.030588235294117, "GRR": -11.706634416033172, "GSO": -11.167389418907199, "GSP": -9.076599326599327, "GTF": -14.168831168831169, "GTR": -12.030534351145038, "GUC": -9.736040609137056, "GUM": -4.699453551912568, "HDN": -10.79642857142857, "HGR": 3.125, "HHH": -4.983425414364641, "HIB": -17.47872340425532, "HLN": -13.11614730878187, "HNL": -2.664853224526805, "HOB": -11.35344827586207, "HOU": -6.6814285714285715, "HPN": -11.327719298245613, "HRL": -9.036101083032491, "HSV": -8.632286995515695, "HTS": -7.576530612244898, "HVN": -6.3760683760683765, "HYS": -13.405594405594405, "IAD": -9.238087761990737, "IAG": -5.076190476190476, "IAH": -7.7250019637106275, "ICT": -9.456391875746714, "IDA": -7.620253164556962, "IFP": -4.285714285714286, "ILM": -10.120213713268033, "IMT": -19.515463917525775, "IND": -7.865715899463428, "INL": -21.384615384615383, "IPT": -5.788235294117647, "ISN": -13.606382978723405, "ISP": -6.879505664263646, "ITH": -12.396501457725947, "ITO": -3.447906523855891, "JAC": -10.646981627296588, "JAN": -6.564981949458484, "JAX": -8.464868392429846, "JFK": -13.922648552720151, "JHM": -3.7837837837837838, "JLN": -2.2212389380530975, "JMS": -9.126315789473685, "JNU": -4.625984251968504, "KOA": -5.320143884892087, "KTN": -5.3522727272727275, "LAN": -12.596715328467154, "LAR": -7.629213483146067, "LAS": -6.651487925669457, "LAW": -6.6871165644171775, "LAX": -7.539670425958902, "LBB": -6.844444444444444, "LBE": -13.961783439490446, "LBF": -9.971830985915492, "LBL": -9.686567164179104, "LCH": -9.323420074349443, "LCK": -0.9375, "LEX": -9.212294043092522, "LFT": -7.583850931677019, "LGA": -13.976677700872706, "LGB": -6.9245998315080035, "LIH": -4.511325503355705, "LIT": -7.347650328448712, "LNK": -8.372670807453416, "LNY": -5.33, "LRD": -10.340625, "LSE": -11.926829268292684, "LWB": -15.571428571428571, "LWS": -19.091954022988507, "LYH": -10.695364238410596, "MAF": -7.3581973581973585, "MBS": -15.185643564356436, "MCI": -7.806121125664635, "MCO": -8.008481147620433, "MDT": -10.60759493670886, "MDW": -6.325764549452797, "MEI": -6.2105263157894735, "MEM": -8.303962316431145, "MFE": -8.751037344398341, "MFR": -5.2917748917748915, "MGM": -8.863138686131387, "MHK": -6.205645161290323, "MHT": -11.83554933519944, "MIA": -6.70408880146129, "MKE": -10.260967609676097, "MKG": -13.08, "MKK": 1.131578947368421, "MLB": -11.03076923076923, "MLI": -9.093348891481913, "MLU": -9.369304556354916, "MMH": -4.088495575221239, "MOB": -6.718569780853518, "MOT": -14.603626943005182, "MQT": -10.46896551724138, "MRY": -6.407094594594595, "MSN": -11.112254901960783, "MSO": -9.32992327365729, "MSP": -14.982659224011712, "MSY": -7.526437668853724, "MTJ": -10.006861063464838, "MYR": -9.842161016949152, "OAJ": -10.006711409395972, "OAK": -4.961853978671042, "OGD": -0.7333333333333333, "OGG": -3.2780269058295963, "OGS": -9.65, "OKC": -8.748509792790236, "OMA": -9.439749608763693, "OME": -10.987951807228916, "ONT": -5.989035087719298, "ORD": -6.68672478700218, "ORF": -9.204149128081779, "ORH": -7.34375, "OTH": -11.785714285714286, "OTZ": -9.127659574468085, "OWB": 0.16666666666666666, "PAE": -4.036666666666667, "PAH": -11.580357142857142, "PBG": -8.327868852459016, "PBI": -10.196069145157471, "PDX": -5.765455704270236, "PGD": -8.495433789954339, "PGV": -8.236559139784946, "PHF": -9.986083499005964, "PHL": -10.010582271004578, "PHX": -5.940466085346092, "PIA": -7.528378378378378, "PIB": -7.943181818181818, "PIE": -10.511265164644714, "PIH": -9.512345679012345, "PIR": -25.0, "PIT": -10.02874074074074, "PLN": -15.09375, "PNS": -8.54990814451929, "PPG": -1.7142857142857142, "PQI": -9.392857142857142, "PRC": -5.1, "PSC": -9.767818574514038, "PSE": -11.96694214876033, "PSG": -4.125, "PSM": -8.868421052631579, "PSP": -9.033800096571705, "PUB": -6.295081967213115, "PUW": -2.659217877094972, "PVD": -10.44767441860465, "PVU": -2.7790697674418605, "PWM": -12.229379891631547, "RAP": -11.604761904761904, "RDD": -11.95364238410596, "RDM": -4.825136612021858, "RDU": -8.730886161468304, "RFD": -7.876404494382022, "RHI": -14.952830188679245, "RIC": -9.053532608695653, "RKS": -9.0, "RNO": -6.429835265405735, "ROA": -9.755411255411255, "ROC": -11.272948822095858, "ROP": -11.071428571428571, "ROW": -7.963157894736842, "RST": -7.6875,